"","1959","1960","1961","1962","1963","1964","1965","1966","1967","1968","1969","1970","1971","1972","1973","1974","1975","1976","1977","1978","1979","1980","1981","1982","1983","1984","1985","1986","1987","1988","1989","1990","1991","1992","1993","1994","1995","1996","1997","1998","1999","2000","2001","2002","2003","2004","2005","2006","2007","2008","2009","2010","2011","2012","2013","2014","2015","2016","2017","2018","2019","2020"
"us_e0",69.94,69.84,70.24,70.12,69.96,70.22,70.25,70.2,70.52,70.22,70.48,70.75,71.1,71.19,71.4,71.97,72.53,72.84,73.21,73.39,73.81,73.71,74.1,74.47,74.56,74.69,74.66,74.74,74.88,74.85,75.13,75.39,75.54,75.8,75.59,75.77,75.88,76.2,76.53,76.69,76.68,76.8,76.93,77.02,77.17,77.57,77.56,77.83,78.08,78.16,78.49,78.67,78.72,78.84,78.83,78.89,78.72,78.68,78.64,78.79,78.92,77.05
"alabama",68.25,67.91,68.56,68.31,68,68.33,68.21,68.26,68.98,68.61,68.71,69.15,69.45,69.56,69.6,70.18,71.03,71.21,71.38,71.91,72.36,72.32,72.86,73.31,73.38,73.29,73.3,73.28,73.6,73.35,73.53,73.66,73.64,74.2,73.83,73.94,73.93,74,74.29,74.29,74.26,74.42,74.51,74.5,74.48,74.63,74.56,74.58,74.89,74.95,75.25,75.3,75.33,75.35,75.29,75.43,75.24,75.06,75.27,75.26,75.48,73.53
"alaska",68.68,67.23,67.99,67.86,68.13,67,68.64,69.21,69.33,69.24,70.05,69.22,69.47,70.19,70.32,70.83,71.63,71.71,72.13,72.12,72.91,72.38,72.97,73.48,73.72,74.16,73.92,73.88,74.5,74.79,75.01,74.96,75.42,75.39,75.54,75.68,75.57,75.83,76.24,76.8,76.61,76.14,76.42,76.88,76.61,77.49,77.67,77.32,77.39,77.74,77.73,77.86,77.93,78.12,78.2,78.13,77.8,77.59,78.09,78.49,78.23,77.08
"arizona",69.43,69.25,69.44,69.38,69.21,69.67,70.45,70.13,70.72,70.45,70.8,70.9,71.05,71.87,71.97,72.52,73.28,73.68,73.89,73.89,74.31,74.17,74.79,75.25,75.49,75.29,75.53,75.54,75.46,75.66,75.93,76.23,76.37,76.32,76.07,76.21,76.41,76.61,77.02,77.05,76.99,77.13,77.29,77.26,77.45,77.82,77.52,77.71,78.29,78.69,78.96,79.13,79.16,79.17,79.28,79.38,79.23,79.01,79.17,79.19,79.29,76.51
"arkansas",70.37,69.89,70.47,69.77,69.57,69.83,70.29,70.42,70.65,70.01,70.32,70.75,70.94,70.9,71.03,71.43,72,72.72,73.07,72.95,73.72,73.34,73.88,74.17,74.04,73.99,73.85,74.15,74.06,73.98,74.22,74.35,74.3,74.6,74.17,74.44,74.55,74.82,74.43,74.84,74.95,74.78,75.05,74.82,75.15,75.26,75.34,75.44,75.64,75.32,75.71,75.95,75.84,75.75,75.78,75.84,75.56,75.61,75.45,75.82,75.89,73.93
"california",71.18,70.83,71.07,71.09,70.88,70.96,71.1,71.1,71.45,71.51,71.44,71.8,72.01,72.29,72.52,73.03,73.35,73.76,74.18,74.21,74.54,74.33,74.83,75.01,75.35,75.23,75.14,75.29,75.3,75.27,75.43,75.82,76.07,76.32,76.25,76.38,76.64,77.1,77.44,77.64,77.87,78.09,78.13,78.37,78.38,78.9,78.91,79.14,79.52,79.82,80.15,80.48,80.51,80.69,80.69,81.03,80.75,80.82,80.87,81.04,81.16,79.24
"colorado",70.88,70.9,71.22,70.94,71.05,71.02,71.5,71.68,72.01,71.32,72.13,72.13,72.35,72.81,72.66,73.48,74.16,74.26,74.76,74.89,75.29,75.42,75.5,75.85,76.23,76.14,76.53,76.43,76.59,76.77,77.16,77.21,77.01,77.53,77.27,77.45,77.52,77.7,78.04,77.98,78.11,78.36,78.34,78.29,78.39,79.1,78.97,79.38,79.58,79.41,79.7,80.03,80.05,80.25,80.32,80.15,80.14,79.95,80.11,80.26,80.22,78.44
"connecticut",71.09,71.05,71.41,71.11,70.99,71.48,71.44,71.47,71.73,71.64,72.18,72.57,72.9,72.99,73.22,73.65,74.02,74.31,74.73,74.89,75.18,74.93,75.39,75.6,75.9,75.86,75.91,76.11,76.26,76.28,76.47,77.12,77.19,77.32,77.08,77.02,77.3,77.57,77.92,78.03,78.44,78.25,78.61,78.72,79.09,79.34,79.51,79.68,80.04,80.25,80.47,80.66,80.64,80.81,80.86,80.97,80.68,80.71,80.53,80.68,80.59,78.71
"delaware",69.65,69.08,69.87,69.72,69.58,69.72,69.61,69.19,69.77,69.31,69.8,69.92,70.93,70.65,71.06,71.21,72.42,72.74,73.22,72.92,73.17,73.15,73.6,73.7,74.58,74.61,73.93,74.11,74.39,74.26,74.37,75.03,75.1,75.49,75.42,75.33,75.78,75.74,76.16,76.34,76.68,76.38,76.18,77.03,76.97,77.07,77.14,77.67,77.98,77.62,78.13,78.18,78.21,78.53,78.8,78.77,78.31,78.21,78.1,78.02,78.39,76.97
"florida",70.34,69.87,70.45,70.15,70.15,70.45,70.53,70.51,71.03,70.48,70.49,70.75,71.32,71.3,71.26,72.15,73.03,73.5,73.71,73.93,74.09,73.82,74.03,74.74,74.91,75.17,74.96,75.17,75.24,75.13,75.41,75.66,75.96,76.16,75.88,75.97,75.99,76.52,76.9,76.99,76.91,76.97,77.04,77.21,77.32,77.56,77.68,77.89,78.25,78.39,78.71,78.87,79.16,79.36,79.43,79.4,79.27,79.09,79.12,79.39,79.57,77.98
"georgia",67.91,67.5,68.35,68,67.66,68.01,68.11,68.21,68.57,67.84,68.23,68.37,68.95,68.99,69.1,69.87,70.78,71.24,71.31,71.59,72.08,72.14,72.42,73.07,72.99,73.17,73.03,73.18,73.25,73.16,73.34,73.78,73.99,74.35,74.06,74.38,74.38,74.63,75.04,75.16,75.18,75.1,75.28,75.46,75.54,75.91,76.13,76.28,76.51,76.75,77.07,77.21,77.53,77.69,77.54,77.53,77.32,77.33,77.47,77.55,77.73,75.81
"hawaii",71.52,71.34,72.34,72.31,72.3,72.83,73.09,73.27,73.32,72.77,73.28,74.04,74.31,74.58,74.98,75.52,76.12,76.55,76.97,77.19,76.9,77.05,77.6,77.68,77.49,77.66,77.85,78.06,77.83,78.66,78.18,78.16,78.66,78.74,78.62,78.86,78.73,78.77,79.13,79.25,79.35,79.51,79.79,79.72,79.81,80.12,80.25,80.13,80.46,80.9,80.57,81.22,81.21,81.33,81.24,81.47,81.31,81.57,81.34,81.6,81.57,81.56
"idaho",71.07,71.4,71.29,71.38,71.25,71.47,71.22,71.48,72.06,71.97,71.89,72.01,72.14,72.32,72.72,73.04,73.55,73.63,74.35,74.7,75.43,75.16,75.33,75.67,75.51,75.75,76.37,75.99,76.38,76.18,76.75,77.21,77.19,77.36,77.17,77.36,77.6,77.74,77.75,77.88,77.77,78.08,78.14,78.34,78.15,78.71,78.69,78.86,79.03,79.27,79.35,79.38,79.24,79.49,79.14,79.27,79.31,79.18,79.11,79.18,79.56,78.45
"illinois",69.57,69.55,69.95,69.86,69.65,69.75,69.7,69.44,69.75,69.47,69.81,70.06,70.44,70.62,70.65,71.14,71.81,72.22,72.47,72.74,73.04,73.26,73.6,73.98,74.05,74.42,74.42,74.34,74.61,74.39,74.64,74.92,74.95,75.41,75.08,75.17,75.31,75.81,76.37,76.4,76.23,76.55,76.8,76.87,77.13,77.57,77.61,77.92,78.26,78.13,78.61,78.88,78.92,79.04,79.17,79.07,79.05,78.97,78.88,78.97,79.25,77.07
"indiana",70.49,70.26,70.69,70.53,70.03,70.47,70.39,70.3,70.64,70.32,70.52,70.94,71.17,71.29,71.3,72.01,72.63,72.88,72.98,73.19,73.61,73.85,74.05,74.54,74.51,74.74,74.76,74.59,74.99,74.85,75.33,75.4,75.45,75.79,75.51,75.61,75.54,75.89,76.05,76.17,75.98,76.02,76.27,76.41,76.41,76.88,76.73,76.84,77.41,77.14,77.4,77.5,77.4,77.42,77.25,77.33,77.1,76.96,76.68,76.98,77.09,75.14
"iowa",71.83,71.92,72.24,72.28,72.08,72.09,72.1,72.16,72.55,72.2,72.52,72.56,72.75,72.96,73.26,73.66,74.14,74.42,75.23,75.09,75.68,75.75,76.07,76.29,76.26,76.66,76.38,76.88,76.79,76.79,77.07,77.53,77.35,77.87,77.58,77.56,77.61,77.84,78.17,78.1,78.21,78.33,78.63,78.74,78.65,79.24,78.98,79.29,79.38,79,79.5,79.55,79.51,79.58,79.5,79.46,79.42,79.23,79.1,79.28,79.12,77.56
"kansas",71.93,71.86,72.15,71.99,71.79,72.15,72.3,72.23,72.48,72.24,72.12,72.81,72.73,72.93,73.06,73.41,73.93,74.25,74.52,74.73,75.33,75.16,75.42,75.74,75.87,75.88,76.16,76.22,76.51,76.32,76.73,76.95,76.73,77.22,76.79,77.08,77.02,76.99,77.35,77.34,77.25,77.42,77.35,77.35,77.71,77.97,77.77,77.9,78.16,78.07,78.49,78.52,78.5,78.52,78.61,78.55,78.35,78.5,78.22,78.16,78.3,76.55
"kentucky",69.79,69.57,69.96,69.8,69.55,70.02,70.19,70.07,70.07,69.85,69.99,70.01,70.34,70.46,70.45,71.17,71.49,72.19,71.96,72.48,72.99,72.83,73.29,73.55,73.42,73.82,73.71,73.77,73.99,73.87,74.05,74.44,74.46,74.84,74.52,74.65,74.79,74.98,75.03,75.28,75.09,75.08,75.12,74.91,75.1,75.58,75.43,75.57,75.86,75.81,75.77,75.8,75.87,75.71,76.07,75.75,75.39,75.07,75.17,75.4,75.63,73.69
"louisiana",68.18,67.9,68.7,68.22,68.22,68.1,68.02,68,68.65,67.89,68.32,68.73,69.35,69.22,69.28,70.19,70.47,70.54,70.8,71.03,71.53,71.64,71.87,72.34,72.45,72.96,72.75,73.09,73.27,72.99,72.88,73.08,73.1,73.52,73.02,73.44,73.49,73.77,73.88,74.04,74.04,74.09,74.04,74.07,74.08,74.16,73.67,74.67,74.87,74.96,75.44,75.69,75.94,75.73,75.56,75.63,75.78,75.77,75.63,75.82,75.95,73.26
"maine",69.93,70.15,70.35,70.27,70.36,70.55,70.79,70.67,70.45,70.59,70.87,70.67,71.56,71.47,72.02,72.27,73.24,73.51,74.31,74.29,74.59,74.42,75.06,75.4,75.12,75.55,75.09,75.62,75.69,75.59,76.21,76.57,76.59,77.01,76.68,76.81,76.92,77.42,77.4,77.38,77.56,77.59,77.77,77.66,77.94,78.11,77.87,78.43,78.59,78.87,79.04,79.05,79.02,79.16,78.87,79.05,78.41,78.53,78.3,78.66,78.43,77.93
"maryland",68.77,68.64,69.22,69.21,68.82,69.48,69.18,69.19,69.76,69.45,70.01,70.19,70.77,70.88,71.46,71.61,72.22,72.34,72.99,72.96,73.33,73.26,73.63,73.95,74.01,74.18,74.02,74.08,74.1,74.2,74.54,74.87,75.14,75.25,75.04,75.14,75.12,75.52,75.93,76.13,76.12,76.22,76.39,76.66,76.68,77.24,77.43,77.61,77.8,78.11,78.41,78.9,79.09,79.22,79.15,79.29,79.11,78.73,78.71,78.84,78.97,77.22
"massachusetts",70.79,70.53,70.77,70.96,71.4,72.56,70.78,71.17,71.29,71.15,71.56,71.88,72.13,72.34,72.48,72.98,73.55,74.02,74.63,74.63,75.05,74.75,75.26,75.51,75.48,75.47,75.56,75.72,75.91,75.78,76.38,76.81,77.04,76.95,76.88,77.13,77.35,77.69,78.07,78.16,78.25,78.22,78.27,78.37,78.53,79.02,79.28,79.55,79.73,79.96,80.2,80.48,80.49,80.79,80.66,80.55,80.2,80.36,80.23,80.35,80.65,79.27
"michigan",70.13,70.18,70.53,70.42,70.17,70.34,70.24,70.17,70.29,70.12,70.4,70.7,70.83,70.92,71.03,71.66,72.16,72.39,72.89,73.09,73.59,73.65,73.74,74.01,74.09,74.28,74.13,74.17,74.4,74.59,74.84,75.14,75.18,75.59,75.35,75.53,75.71,76.02,76.24,76.24,76.14,76.35,76.63,76.62,76.92,77.33,77.23,77.52,77.61,77.65,77.97,77.99,78.03,78.14,78.03,78,77.92,77.81,77.83,77.83,78.09,76.18
"minnesota",71.81,71.82,72.24,72.28,72.18,72.21,72.47,72.36,72.61,72.52,72.83,73.03,73.28,73.22,73.79,74.28,74.73,75.03,75.52,75.4,76.13,76.08,76.48,76.83,76.78,76.94,76.89,76.89,77.33,77.27,77.84,77.84,77.87,78.15,78,78.09,78,78.38,78.76,78.86,78.69,79.02,79.23,79.2,79.65,80,80.09,80.31,80.56,80.38,80.79,80.77,80.76,80.9,80.8,80.88,80.7,80.73,80.62,80.69,80.63,79.24
"mississippi",67.83,67.63,68.29,67.54,67.22,67.76,67.88,67.55,68.04,67.66,67.65,68.36,68.64,68.92,69.07,70.09,70.59,70.81,71.23,71.37,71.86,71.8,72.28,72.63,72.65,72.81,72.67,72.91,72.87,73.14,72.85,73.07,73.07,73.22,72.95,72.95,73.07,73.43,73.38,73.43,73.44,73.39,73.69,73.58,73.79,74.12,73.7,73.95,74.36,74.37,74.81,74.78,74.76,75,74.63,74.8,74.51,74.6,74.6,74.74,74.52,71.91
"missouri",70.46,70.24,70.73,70.48,70.21,70.45,70.37,70.23,70.56,70.28,70.2,70.63,71.14,71.19,71.3,71.91,72.43,72.68,73,73.05,73.72,73.62,74.06,74.46,74.49,74.73,74.69,74.76,74.84,74.98,75.17,75.29,75.25,75.51,75.18,75.23,75.33,75.67,75.77,75.82,75.77,76.08,76.18,76.03,76.25,76.65,76.63,76.72,77.11,76.83,77.28,77.37,77.41,77.54,77.47,77.44,77.19,77.19,77,76.81,77.16,75.26
"montana",69.25,69.56,69.95,70.31,70.19,69.57,70.16,69.99,70.37,70.89,70.48,70.79,70.65,70.79,71.15,72.26,72.61,72.4,73.46,73.97,74.15,73.81,74.07,74.65,74.98,75.28,75.56,75.58,76,76.28,76.23,76.36,76.47,76.63,76.41,76.89,76.66,76.9,77.08,77.23,77.16,77.29,77.48,77.12,77.24,78.12,77.68,78.04,78.17,77.95,78.26,78.52,78.35,78.8,78.3,78.79,78,78.35,78.46,78.88,78.62,76.97
"nebraska",71.9,71.97,72.19,72.21,72.09,71.91,71.98,72.21,72.58,72.34,72.61,72.51,72.74,72.92,73.39,73.59,74.08,74.39,74.83,75.03,75.53,75.37,75.65,75.98,76.16,76.33,76.38,76.38,76.5,76.57,76.83,76.91,77.17,77.48,77.14,77.33,77.55,77.4,77.7,77.89,77.72,78.28,78.3,77.9,78.43,78.98,78.93,79.12,78.98,79.04,79.58,79.59,79.51,79.52,79.63,79.4,79.11,79.51,79.23,79.27,79.4,77.9
"nevada",67.88,67.61,68.05,68.25,67.74,67.69,68.19,68.7,69.42,68.87,69.28,69.31,69.76,70.47,70.72,71.06,71.7,72.36,72.38,72.82,72.9,72.6,73.47,73.32,74.1,74.05,74,74.24,74.27,74.12,74.62,74.52,74.53,75.13,74.9,74.83,75.11,75.19,75.76,75.54,75.65,75.94,75.96,76.1,75.95,76.39,76.08,76.57,77.04,77.25,77.64,77.77,77.69,78.02,77.93,78.09,77.93,77.78,77.86,78.21,78.32,76.42
"new hampshire",70.46,70.72,70.81,71.03,70.45,70.65,70.72,70.97,71.06,70.97,70.97,71.55,71.66,72.15,72.33,72.55,73.79,73.85,74.58,74.67,74.87,75.09,75.23,75.58,75.62,75.72,75.43,75.76,76.19,76.06,76.52,76.95,77.24,77.59,77.53,77.65,77.57,77.78,78,78.1,78.31,78.51,78.56,78.73,79.21,79.03,79.12,79.52,79.51,79.91,80.19,80.27,80.03,80.32,80.28,79.84,79.47,79.23,79.35,79.34,79.6,79.18
"new jersey",69.94,69.94,70.01,70.09,69.93,70.09,70.25,70.28,70.61,70.3,70.7,70.96,71.2,71.47,71.78,72.29,72.88,73.21,73.37,73.71,73.94,73.75,74.29,74.42,74.49,74.67,74.53,74.66,74.65,74.56,75.02,75.43,75.64,75.79,75.71,75.94,75.99,76.46,76.97,77.38,77.24,77.32,77.37,77.79,78.01,78.46,78.59,78.8,79.26,79.41,79.86,79.93,79.86,80.15,80.18,80.32,80.32,80.17,80.06,80.11,80.47,77.99
"new mexico",69.61,69.29,70.11,70.17,69.79,69.91,70.27,70.21,70.48,70.32,70.45,70.51,70.75,70.86,70.82,71.63,72.43,72.67,73.51,73.45,73.63,73.81,74.99,74.68,75.27,75.26,75.23,75.2,75.34,75.5,75.77,76.02,75.83,76.38,76.14,76.27,76.28,76.68,76.92,77.07,76.71,77.13,76.94,76.92,76.82,77.45,77.28,77.35,77.42,77.31,77.87,78.06,77.89,77.85,78.17,77.64,77.7,77.39,77.52,77.51,77.21,74.76
"new york",69.55,69.67,69.84,69.8,69.76,69.9,70.14,70.02,70.2,69.94,70.26,70.47,70.83,71.09,71.47,71.95,72.59,72.64,73.05,73.36,73.73,73.4,73.81,74.04,74.07,74.13,74.08,73.97,73.99,73.88,74.22,74.59,74.82,75.1,74.97,75.27,75.52,76.19,76.95,77.4,77.34,77.63,77.63,78.02,78.31,78.66,78.84,79.21,79.46,79.59,79.89,80.16,80.2,80.42,80.48,80.73,80.68,80.64,80.82,80.92,81.16,78.35
"north carolina",68.61,68.17,68.8,68.63,68.41,68.72,68.61,68.63,68.98,68.68,68.78,69.26,69.75,69.37,69.73,70.7,71.26,71.72,72,72.27,72.92,72.95,73.22,73.79,73.94,74.06,74.01,73.93,74.11,73.93,74.26,74.7,74.76,75,74.79,74.96,75.1,75.22,75.66,75.66,75.7,75.6,76.02,76.2,76.22,76.55,76.61,76.86,77.02,77.26,77.57,77.76,77.86,77.9,77.99,77.94,77.72,77.67,77.58,77.84,77.82,76.24
"north dakota",71.65,71.51,72.27,71.98,71.91,72.03,72.16,71.88,72.84,72.75,72.58,72.99,73.07,73.49,73.23,73.35,74.22,74.64,75.46,74.77,75.79,75.61,76,76.65,76.8,76.79,77.06,77.9,77.41,77.19,77.75,77.49,77.83,77.95,77.95,77.88,77.86,78.13,78.44,78.22,78.21,78.77,78.41,78.9,78.43,79.7,79.44,79.29,79.81,79.51,79.36,79.62,79.64,79.54,79.32,79.74,79.38,79.59,79.64,79.62,79.17,77.31
"ohio",70.14,70.17,70.56,70.44,70.24,70.45,70.37,70.38,70.59,70.18,70.51,70.78,71.15,71.04,71.29,71.79,72.29,72.61,72.75,73.07,73.4,73.27,73.76,74.3,74.22,74.48,74.53,74.54,74.79,74.83,75.23,75.32,75.39,75.73,75.62,75.74,75.6,75.97,76.18,76.29,76.15,76.33,76.47,76.4,76.58,76.92,76.77,77.13,77.29,77.19,77.51,77.61,77.47,77.52,77.55,77.53,77.16,76.88,76.5,76.87,77.02,75.39
"oklahoma",71.13,70.79,71.15,71,70.92,71.16,71.65,71.27,71.42,71.26,71.25,71.06,71.94,71.67,71.91,72.11,72.37,72.66,73.2,72.99,73.51,73.58,73.77,73.69,74.3,74.58,74.54,74.62,75.05,74.88,75.12,74.97,75.1,75.25,74.71,74.84,74.88,75.06,74.96,75.15,75.02,75.03,75.3,75.05,75.07,75.45,75.05,75.37,75.28,75.11,75.6,75.65,75.62,75.82,75.58,75.63,75.55,75.65,75.61,75.77,75.89,74.21
"oregon",70.67,71.02,71.42,71.58,71.31,71.45,71.58,71.29,71.64,71.87,71.96,72.41,72.33,72.59,72.67,73.17,73.73,73.97,74.29,74.54,74.99,74.9,75.31,75.83,75.66,75.53,75.58,75.94,75.78,75.88,76.15,76.47,76.91,76.99,76.53,76.78,76.81,76.92,77.33,77.32,77.64,77.83,77.85,77.69,77.9,78.38,78.38,78.52,78.75,78.9,79.23,79.45,79.33,79.54,79.41,79.45,79.26,79.42,79.34,79.76,79.61,78.79
"pennsylvania",69.39,69.47,69.77,69.74,69.57,69.95,69.84,69.87,70.07,69.69,70.22,70.36,70.73,70.94,71.13,71.66,72.12,72.44,72.83,73.05,73.57,73.27,73.84,74.28,74.34,74.49,74.43,74.59,74.59,74.74,75.08,75.42,75.61,75.73,75.64,75.72,75.93,76.02,76.27,76.73,76.53,76.65,76.81,76.85,77.01,77.3,77.24,77.58,77.89,77.9,78.22,78.4,78.28,78.47,78.49,78.64,78.29,78.06,77.91,78.28,78.51,76.99
"rhode island",70.48,70.58,71.1,70.88,70.53,70.88,70.84,71.18,71.53,71.07,71.74,71.73,72.31,72.16,72.43,73.2,73.89,73.72,73.96,74.76,74.6,74.63,75.05,75.61,75.5,75.66,75.61,75.59,75.72,76.06,76.22,76.39,76.87,77.01,76.69,77.45,77.39,77.96,77.53,77.95,78.16,77.97,77.94,77.85,78.06,78.72,78.65,78.98,79.09,79.17,79.57,79.47,79.8,80.12,79.68,79.95,79.51,79.89,79.57,79.96,79.77,78.63
"south carolina",66.37,66.1,66.87,67.08,66.47,67.03,67,66.98,67.6,66.89,67.62,68.08,68.28,68.3,68.18,69.12,70.15,70.58,70.7,71.34,71.69,71.79,72.11,72.75,72.65,72.94,73,72.83,73.02,73.03,73.23,73.62,73.88,74.09,73.92,74.19,74.12,74.25,74.77,74.78,74.62,74.74,75.05,75.08,75.24,75.7,75.61,75.95,76.13,76.48,76.77,76.71,76.94,76.99,76.97,76.97,76.68,76.7,76.73,76.73,76.89,74.75
"south dakota",70.99,70.52,71.44,70.87,71.09,71.42,71.89,71.63,72.5,72.08,71.68,72.33,72.39,71.5,72.91,73.14,73.68,73.35,74.31,74.41,74.99,74.78,75.26,75.48,75.53,75.95,76.11,75.75,76.19,76.55,76.69,77.14,77.01,76.93,76.86,77.16,77.19,77.51,77.67,77.46,77.65,77.98,78.03,78.29,77.76,78.43,78.3,78.65,79.28,78.97,79.21,79.23,79.21,79,79.58,79.12,78.81,78.8,78.58,79,78.5,76.73
"tennessee",69.53,69.38,69.79,69.59,69.28,69.63,69.95,69.74,70.08,69.76,69.88,69.97,70.6,70.41,70.56,71.12,71.8,72.11,72.38,72.93,73.31,73.05,73.52,73.94,73.83,73.82,73.85,73.87,73.91,73.95,74.32,74.18,74.5,74.74,74.34,74.38,74.33,74.68,74.68,74.8,74.96,74.71,75.02,74.81,74.85,75.29,75.23,75.52,75.86,75.87,76.11,76.14,76.26,76.23,76.27,76.14,76.03,75.86,75.68,75.74,75.8,73.95
"texas",70.42,70.18,70.81,70.42,70.35,70.62,70.84,70.61,70.97,70.42,70.57,70.84,71.29,71.08,71.18,71.93,72.46,72.7,73.16,73.18,73.52,73.59,73.8,74.22,74.3,74.43,74.57,74.79,75.01,74.94,74.96,75.18,75.38,75.53,75.44,75.65,75.88,76.04,76.2,76.51,76.52,76.52,76.57,76.6,76.85,77.28,77.36,77.63,77.7,77.74,78.12,78.29,78.49,78.49,78.46,78.44,78.43,78.56,78.51,78.64,78.8,76.59
"utah",71.62,71.75,71.9,71.81,71.73,72.22,71.94,71.8,72.87,72.54,73.04,72.77,73.09,73.23,73.33,74.13,74.2,74.9,75.17,75.08,75.75,75.78,75.89,76.13,76.56,76.31,76.53,77,76.98,77.24,77.55,78,77.94,78.27,77.92,78.2,78.17,78.49,78.4,78.42,78.51,78.6,78.64,78.59,78.62,78.85,79.2,79.22,79.22,79.74,79.9,79.78,79.76,79.79,79.6,79.62,79.46,79.34,79.59,79.77,79.92,78.75
"vermont",70.36,70.43,70.6,70.73,70.6,70.42,70.5,70.69,70.96,70.89,71.3,71.85,72.2,72.79,72.14,72.94,73.49,73.95,74.56,74.07,75.16,74.29,75.27,75.14,75.18,75.58,75.5,75.37,75.52,76.37,76.42,76.7,77.25,76.85,76.63,77.48,77.2,77.65,77.78,78.07,78.11,78.19,78.31,78.78,78.9,79.48,79.36,79.43,79.57,79.75,80.29,80.04,79.78,80.16,79.78,80,79.63,79.55,79.46,79.45,79.94,79.19
"virginia",68.8,68.72,69.28,69,68.84,69.23,69.34,69.49,69.8,69.29,69.76,70.24,70.51,70.45,70.76,71.42,72.02,72.34,72.8,73.13,73.41,73.32,73.81,74.3,74.25,74.33,74.47,74.48,74.79,74.83,75.22,75.33,75.4,75.79,75.63,75.77,75.94,76.14,76.4,76.62,76.71,76.77,77.06,77.17,77.14,77.75,77.73,78.08,78.19,78.39,78.73,79,78.96,79.16,79.24,79.3,79.15,79.14,79.08,79.19,79.3,77.78
"washington",70.8,71.05,71.36,71.25,71.45,71.39,71.89,71.4,71.5,71.19,71.41,71.88,72.09,72.54,72.55,73.2,73.58,73.84,74.46,74.62,75.18,75.01,75.45,75.77,76.04,75.86,75.86,76.26,76.29,76.27,76.77,76.79,77.17,77.19,76.96,77.33,77.45,77.45,77.93,77.98,77.99,78.19,78.26,78.33,78.47,78.98,78.97,79.33,79.34,79.31,79.62,80.01,80,80.07,80.16,80.16,79.91,80.15,79.96,80.14,80.16,79.31
"west virginia",69.36,69.56,69.8,69.53,69.16,69.78,69.46,69.43,69.54,69.39,69.49,69.2,69.85,69.69,70.24,70.71,70.99,71.26,71.78,71.83,72.49,72.64,73.17,73.45,73.61,73.78,73.79,73.58,73.77,73.88,74.01,74.43,74.21,74.45,74.3,74.84,74.8,74.81,74.73,74.84,74.96,74.88,75.1,74.82,74.89,75.15,75.23,75.23,75.06,75.18,75.19,75.44,75.1,75.18,75.31,75.19,75,74.69,74.46,74.53,74.68,72.99
"wisconsin",71.18,71.11,71.69,71.69,71.51,71.8,71.63,71.74,72.21,71.85,72.18,72.47,72.93,72.81,73.17,73.47,73.99,74.28,74.76,74.74,75.37,75.29,75.55,75.94,76,76.13,76.36,76.3,76.49,76.51,76.82,76.87,77.04,77.57,77.12,77.31,77.42,77.53,77.89,77.75,77.8,77.97,78.07,78.13,78.51,78.87,78.71,79.09,79.12,79.28,79.76,79.59,79.46,79.66,79.42,79.54,79.43,79.23,79.23,79.27,79.29,77.74
"wyoming",70.01,69.17,70.58,70.15,69.81,70,70.77,71.45,71.29,70.7,70.06,70.84,70.44,70.74,71.18,71.25,71.6,71.98,72.78,73.08,73.67,73.75,74.33,74.77,75.33,75.5,75.21,75.63,76.61,75.86,75.96,76.42,76.67,76.44,76.47,76.75,76.28,77.07,76.97,76.81,76.54,77.1,76.91,76.58,76.85,77.62,77.47,77.1,77.34,77.81,78.06,77.97,78.26,78.37,78.63,78.26,78.07,78.65,78.84,78.42,78.25,76.56
